<?xml version="1.0" encoding="UTF-8" ?>
<!DOCTYPE mapper PUBLIC "-//mybatis.org//DTD Mapper 3.0//EN" "http://mybatis.org/dtd/mybatis-3-mapper.dtd" >
<mapper namespace="org.fh.mapper.dsno1.workorder.HsSatisfactionStatisticMapper" >
  <resultMap id="satisfactionStatisticMap" type="org.fh.entity.workerorder.HsSatisfactionStatistic" >
    <id column="id" property="id" jdbcType="VARCHAR" />
    <result column="user_id" property="userId" jdbcType="VARCHAR"/>
    <result column="account_name" property="userName" jdbcType="VARCHAR"/>
    <result column="create_time" property="createTime" jdbcType="TIMESTAMP"/>
    <result column="problem_1" property="problem1" jdbcType="VARCHAR"/>
    <result column="problem_6" property="problem6" jdbcType="VARCHAR"/>
    <result column="problem_8" property="problem8" jdbcType="VARCHAR"/>
    <result column="amount" property="amount" jdbcType="INTEGER"/>
    <result column="keyword" property="keyword" jdbcType="VARCHAR"/>
  </resultMap>

  <insert id="batchInsert" parameterType="org.fh.entity.workerorder.HsSatisfactionStatistic">
    insert into hs_satisfaction_statistic(id,user_id,user_name,create_time,problem_1,problem_6,problem_8,amount,keyword)
    values
    <foreach collection="statisticList" item="item" separator=",">
      (#{item.id},#{item.userId},#{item.userName},#{item.createTime},#{item.problem1},
      #{item.problem6},#{item.problem8},#{item.amount},#{item.keyword})
    </foreach>
  </insert>

  <select id="selectStatisticList" parameterType="org.fh.model.workorder.HsSatisfactionStatisticReq"
          resultMap="satisfactionStatisticMap">

        select hss.id,hss.user_id,u.account_name,hss.create_time,problem_1,problem_6,problem_8,amount,keyword
        from hs_satisfaction_statistic hss
        left join ump_user u on hss.user_id=u.pk
        where 1=1
        <if test="userId != null and userId != ''">
            and user_id in
            <foreach collection="userId.split(',')" item="item" open="(" separator="," close=")">
                '${item}'
            </foreach>
        </if>
        <if test="keyword != null and keyword != '' ">
          and hss.keyword = #{keyword}
        </if>
        <if test="startTime != null and startTime != ''">
          and hss.create_time <![CDATA[>= ]]> #{startTime}
        </if>
        <if test="endTime != null and endTime != ''">
          and hss.create_time <![CDATA[<= ]]> #{endTime}
        </if>
        order by hss.create_time desc

  </select>

</mapper>