<?xml version="1.0" encoding="UTF-8" ?>
<!DOCTYPE mapper PUBLIC "-//mybatis.org//DTD Mapper 3.0//EN" "http://mybatis.org/dtd/mybatis-3-mapper.dtd" >
<mapper namespace="org.fh.mapper.dsno1.workorder.HsSatisfactionSurveyMapper" >
  <resultMap id="satisfactionSurveyMap" type="org.fh.entity.workerorder.HsSatisfactionSurvey" >
    <id column="id" property="id" jdbcType="INTEGER" />
    <result column="user_id" property="userId" jdbcType="VARCHAR"/>
    <result column="user_name" property="userName" jdbcType="VARCHAR"/>
    <result column="start_time" property="startTime" jdbcType="TIMESTAMP"/>
    <result column="submit_time" property="submitTime" jdbcType="TIMESTAMP"/>
    <result column="customer_name" property="customerName" jdbcType="VARCHAR"/>
    <result column="customer_phone" property="customerPhone" jdbcType="VARCHAR"/>
    <result column="customer_no" property="customerNo" jdbcType="VARCHAR"/>
    <result column="customer_level" property="customerLevel" jdbcType="VARCHAR"/>
    <result column="option_data" property="optionData" jdbcType="VARCHAR"/>
  </resultMap>

  <select id="selectByCondition" parameterType="org.fh.model.workorder.HsSatisfactionSurveyQuery"
          resultType="org.fh.model.HsSatisfactionSurveyVO">

        select s.user_id,u.account_name "userName",s.start_time,s.submit_time,s.customer_name,s.customer_phone,s.customer_no,s.customer_level,
            s.option_data,s.keyword,hwo.business_type "businessDirection",hwo.advisory_type_top_name "advisoryType"
        from hs_satisfaction_survey s left join hs_work_order hwo on s.work_id=hwo.id
        left join ump_user u on s.user_id=u.pk
        where 1=1
        <if test="creator != null and creator != '' ">
            and u.account_name like CONCAT('%',#{creator},'%')
        </if>
        <if test="customerName != null and customerName != '' ">
            and s.customer_name like CONCAT('%',#{customerName},'%')
        </if>
        <if test="customerNo != null and customerNo != '' ">
            and s.customer_no like CONCAT('%',#{customerNo},'%')
        </if>
        <if test="customerNo != null and customerNo != '' ">
            and s.customer_no like CONCAT('%',#{customerNo},'%')
        </if>
        <if test="customerPhone != null and customerPhone != '' ">
            and s.customer_phone like CONCAT('%',#{customerPhone},'%')
        </if>
        <if test="keyword != null and keyword != '' ">
            and s.keyword = #{keyword}
        </if>
        <if test="startTime != null and startTime != '' ">
            and s.start_time <![CDATA[>= ]]> to_timestamp(#{startTime},'yyyy-mm-dd hh24:mi:ss')
        </if>
        <if test="endTime != null and endTime != '' ">
            and s.start_time <![CDATA[<= ]]> to_timestamp(#{endTime},'yyyy-mm-dd hh24:mi:ss')
        </if>
        <if test="submitStartTime != null and submitStartTime != '' ">
            and s.submit_time <![CDATA[>= ]]> to_timestamp(#{submitStartTime},'yyyy-mm-dd hh24:mi:ss')
        </if>
        <if test="submitEndTime != null and submitEndTime != '' ">
            and s.submit_time <![CDATA[<= ]]> to_timestamp(#{submitEndTime},'yyyy-mm-dd hh24:mi:ss')
        </if>
        <if test="customerLevel != null and customerLevel != '' ">
            and s.customer_level in
            <foreach collection="customerLevel.split(',')" item="item" open="(" separator="," close=")">
                '${item}'
            </foreach>
        </if>
        <if test="advisoryTypeTop != null and advisoryTypeTop != '' ">
            and hwo.advisory_type_top_name in
            <foreach collection="advisoryTypeTop.split(',')" item="item" open="(" separator="," close=")">
                '${item}'
            </foreach>
        </if>
        <if test="businessType != null and businessType != '' ">
            and hwo.business_type = #{businessType}
        </if>
        order by s.start_time desc
  </select>

</mapper>